PRN,name
12412995,dhanshri
123,fdjn
12412994,dhandjn
12412994,dhandjn
12412994,dhandjn
12412994,dhandjn
12412994,dhandjn
12412994,dhandjn
12412994,dhandjn
12412994,dhandjn
12412994,dhandjn
12412994,dhandjn
12412994,dhandjn
12412994,dhandjn
12412994,dhandjn
12412994,dhandjn
12412994,dhandjn
12412994,dhandjn
12412994,dhandjn
12412994,dhandjn
12412994,dhandjn
12412994,dhandjn
12412994,dhandjn
12412994,dhandjn
12412994,dhandjn
12412994,dhandjn
12412994,dhandjn
12412994,dhandjn
12412994,dhandjn
12412994,dhandjn
12412994,dhandjn
1,sf,45
1,fsdf,230
1,dwaf,23
1,sdf,45
1,sf,435,67,346
1,dhansnj
1234,dfgd
1,sjiafn
1233,djnfs
1233,dhanshri
1,dhanshri
1,ddjid
123,dfg
123,dfg
124,nskjafn
12341,fhggaj
4,ghdj
1234,sefdn
1234,sefdn
1234,sefdn
1234,sefdn
1234,sefdn
1234,sefdn
1234,dhanshri
1234,ndjsvnm
2467876,jndsjk
